{"cameraMode":{"drawMode":0,"name":"Shaded","section":"Shading Mode"},"sceneLighting":false,"audioPlay":false,"sceneViewState":{"m_AlwaysRefresh":false,"showFog":true,"showSkybox":false,"showFlares":true,"showImageEffects":true,"showParticleSystems":true,"showVisualEffectGraphs":true,"m_FxEnabled":true},"in2DMode":false,"pivot":{"x":0.06980901956558228,"y":1.4395991563796998,"z":1.8625246286392213},"rotation":{"x":-0.37821316719055178,"y":0.10020741820335388,"z":-0.04128478839993477,"w":-0.9193085432052612},"size":0.05215117707848549,"orthographic":false}