{"cameraMode":{"drawMode":0,"name":"Shaded","section":"Shading Mode"},"sceneLighting":false,"audioPlay":false,"sceneViewState":{"m_AlwaysRefresh":false,"showFog":true,"showSkybox":false,"showFlares":true,"showImageEffects":true,"showParticleSystems":true,"showVisualEffectGraphs":true,"m_FxEnabled":true},"in2DMode":false,"pivot":{"x":0.47476041316986086,"y":0.7862846851348877,"z":-4.09135627746582},"rotation":{"x":0.1284477412700653,"y":-0.08584198355674744,"z":0.011236651800572873,"w":0.98783278465271},"size":0.00011732051643775776,"orthographic":false}