{"cameraMode":{"drawMode":0,"name":"Shaded","section":"Shading Mode"},"sceneLighting":true,"audioPlay":false,"sceneViewState":{"m_AlwaysRefresh":false,"showFog":true,"showSkybox":true,"showFlares":true,"showImageEffects":true,"showParticleSystems":true,"showVisualEffectGraphs":true,"m_FxEnabled":true},"in2DMode":false,"pivot":{"x":-0.13000011444091798,"y":1.440000295639038,"z":-10.369998931884766},"rotation":{"x":0.12145290523767472,"y":-0.026478325948119165,"z":0.0033229412510991098,"w":0.992143452167511},"size":12.12435531616211,"orthographic":false}