{"cameraMode":{"drawMode":0,"name":"Shaded","section":"Shading Mode"},"sceneLighting":false,"audioPlay":false,"sceneViewState":{"m_AlwaysRefresh":false,"showFog":true,"showSkybox":false,"showFlares":true,"showImageEffects":true,"showParticleSystems":true,"showVisualEffectGraphs":true,"m_FxEnabled":true},"in2DMode":false,"pivot":{"x":0.25158026814460757,"y":1.334757924079895,"z":-1.5205971002578736},"rotation":{"x":-0.2654404938220978,"y":0.10442860424518585,"z":-0.028993288055062295,"w":-0.9579735398292542},"size":0.000017320508050033823,"orthographic":false}