{"cameraMode":{"drawMode":0,"name":"Shaded","section":"Shading Mode"},"sceneLighting":false,"audioPlay":false,"sceneViewState":{"m_AlwaysRefresh":false,"showFog":true,"showSkybox":false,"showFlares":true,"showImageEffects":true,"showParticleSystems":true,"showVisualEffectGraphs":true,"m_FxEnabled":true},"in2DMode":false,"pivot":{"x":0.0067577362060546879,"y":-0.6370115280151367,"z":0.1515214443206787},"rotation":{"x":0.09613250195980072,"y":0.891319990158081,"z":-0.224060520529747,"w":0.38207384943962099},"size":5.67464542388916,"orthographic":false}